user,rating,date,review
John,"5,0",24 avril 2018,"Si vous cherchez un smartphone sans surcouche, ce mobile est fait pour vous.
L'√©cran est tr√®s bon, le mobile est rapide/fluide, l'appareil photo est √©galement tr√®s bon (je ne suis pas exigeant de ce c√¥t√© l√†), le haut parleur est juste excellent (certain mobile haut de gamme n'a pas un aussi bon son), il accroche tr√®s bien le r√©seau et enfin grosse surprise, le mobile est vendu avec une coque de protection en silicone transparente, merci Nokia !
Le seul reproche que je peut faire c'est le manque de led de notification, mais √ßa reste anecdotique.
100% satisfait de ce mobile au rapport qualit√©/prix excellent !"
RC CHEAP FRANCE,"1,0",2 octobre 2018,"D√©√ßu que cela ne soit pas indiqu√©  dans la description, attention √† ne pas commander le mod√®le import europe car c est le TA1055 single Sim.
Pour ma part juste ouvert  mis en route et remballer pour son retour.... perte de temps et je n'ai plus de smartphone en attendant le remboursement !
Merci d'indiquer ces mentions  dans la description"
Scratch-2000,"4,0",23 juillet 2018,"Pour les adorateurs de Nexus qui n'ont pas les moyens de passer aux Pixels, voil√† un t√©l√©phone parfaitement ad√©quat gr√¢ce √† l'Android pur int√©gr√©.
Alors certes un pseudo Nexus, mais clairement plus esth√©tique, voire m√™me sublime. Le c√¥t√© cuivre/noir rend parfaitement bien, m√™me si un peu en de√ß√† des photos pr√©sent√©es.
L'appareil photo d'assez bonne qualit√© (m√™me si je ne suis pas un expert), et la ""nouveaut√©"" de Nokia avec le mode bothie vraiment gadget.
Petit b√©mol (parce que oui, aucun t√©l√©phone n'est parfait, d'o√π le petite √©toile en moins), les probl√®mes de connexion en Wi-Fi avec le t√©l√©phone, alors que celle-ci fonctionne parfaitement bien avec mes autres appareils. Sinon la 4G+, au top !
Et petite indication tout de m√™me que je trouve int√©ressante puisque ce n'est pas tout le monde qui le mentionne, le contenu de la bo√Æte :
- T√©l√©phone (merci) ;
- Coque en silicone transparente (pour vous √©viter d'en racheter une et devoir la rendre derri√®re) ;
- Kit oreillettes intra-auriculaire ;
- Prise fran√ßaise avec c√¢ble USB-A vers USB-C ;
- Et enfin la petite tige pour ouvrir l'emplacement carte SIM.
Je pr√©f√®re pr√©ciser tout √ßa, parce qu'en regardant pas mal de vid√©o sur internet, je suis tomb√© sur des contenus de bo√Æte diff√©rents, et m√™me un sans la tige pour tiroir SIM, c'est pour cela que je pr√©f√®re √©num√©rer le tout ! üòä
Apr√®s une semaine d'utilisation √ßa n'est pas vraiment repr√©sentatif, mais j'en suis vraiment content, et plus qu'√† voir comment il √©volue dans le temps..."
Camille B.,"5,0",19 avril 2018,"Idem qu'un autre commentaire d'un autre utilisateur, achet√© pour remplacer mon Nexus 5x. Tr√®s bon produit, un tout petit peu large pour √™tre utilis√© √† une seule main mais tr√®s bel ecran. L'appareil photo rend √©galement bien le change : je viens de poster la premi√®re photo faite avec et on m'a demand√© si je l'avais retouch√©e :p"
Bosco_barracuda,"5,0",16 juin 2018,"Il y a quelques semaines, j'ai chang√© de t√©l√©phone portable.
Au d√©but, je recherchais un t√©l√©phone type ""Baroudeur"", ultra r√©sistant, et √©tanche.
J'avais opt√© pour un Blackview BV9000 Pro... mais ce dernier a rendu l'√¢me au bout de 3 semaines seulement.
Apr√®s bataille avec le vendeur, j'ai finalement obtenu remboursement.
Je suis donc revenu sur une ""Marque"", et Nokia est de loin ma pr√©f√©r√©.
Au cours de ces 20 derni√®res ann√©es, j'ai e√ªt des t√©l√©phones de nombreuses marques entre les mains : Nokia, Samsung, Sony, Sony/Ericsson, Huawei, Acer, LG, etc...
Hormis, LG, Nokia et Samsung, tout les t√©l√©phones des autres marques sont tomb√©s HS... peu de temps apr√®s la fin de la garantie.
Le Huawei Mate qui tombe HS au bout d'1 an, 1 mois et 1 jour... curieux comme co√Øncidence.
Sony... batterie HS et irr√©parable au bout de 2 ans.
Acer... firmware bugu√©, plus possible de passer des appels (un comble pour un t√©l√©phone)
Blackview... Carte m√®re du t√©l√©phone HS au bout de 3 semaines.
Tout les t√©l√©phones Nokia que j'ai √™ut entre les mains... sont tous toujours en parfait √©tat de fonctionnement.
Je suis donc retourn√© sur du Nokia. Et mon d√©volu s'est jet√© sur ce Nokia 7 Plus.
Une chose appr√©ciable : Pas de surcouche du firmware !
Alors que Samsung ou Sony ou LG, ou n'importe quel constructeur y ajoute sa touche personnelle sur la couche d'Android, cela affecte les mises √† jour de s√©curit√© et la fiabilit√© du t√©l√©phone.
Nokia... reste fid√®le √† eux m√™me. Pas de surcouche inutile. C'√©tait d√©j√† le cas sur mon dernier Nokia en date le 640XL, √©quip√© de Windows Phone.
Android One, est super rapide et r√©actif. Que du bonheur.
L'√©cran 18.9, le nouveau standard en la mati√®re, permet de visionner des vid√©os en 18.9 sans redimensionnement. C'est plus joli.
Le contour effet cuivre est sympa... et permet de reconna√Ætre son t√©l√©phone du premier coup d'oeil.
Le lecteur d'empreinte est hyper r√©actif. L√† aussi Android One, sans surcouche, aide √† la reconnaissance.
La qualit√© des photos/vid√©os est surprenante. Cela ne vaut pas un Reflex, mais on s'en approche bien.
Cependant la qualit√© de ces derni√®res chutent dans l'obscurit√©... c'est dommage. Mais qui fait des photos dans l'obscurit√© avec un t√©l√©phone ?!
La compatibilit√© wifi 5Ghz... est tr√®s utile pour moi. On peut t√©l√©charger ainsi des applications ou photo beaucoup plus rapidement.
Le t√©l√©phone respire la confiance, la solidit√© et la qualit√©.
La qualit√© sonores est au rendez-vous. On reste loin de la qualit√© de haut parleur Bose... mais le rendu sonore est tr√®s correct et audible pour le prix.
J'ai choisi ce mod√®le, car il permet de choisir en 1 carte m√©moire pour augmenter sa capacit√© de stockage ou une 2e carte sim.
La 2e carte sim est un plus... quand on est comme moi a devoir jongler entre 2-3 t√©l√©phone. N'en avoir qu'un est un gros plus.
D√©bloqu√© tout op√©rateur et b√©n√©ficiant des derni√®res avanc√©es dans le domaine, il capte sans probl√®me le r√©seau mobile... et pourtant, j'habite √† la campagne dans une zone o√π les r√©seaus passent tr√®s mal.
Au niveau autonomie... c'est le point n√©gatif des smartphones. Si on remonte 10 ans en arri√®re les t√©l√©phones tenaient 1 semaines sur batterie.
L√†... ce Nokia 7 Plus tient √† peine 2 jours, avec mon utilisation.
Au niveau processeur et puissance : Ce Nokia 7 Plus ne manque pas de puissance. Tout les jeux tournent sans ralentissement !
Petit plus : Nokia fourni une coque silicone dans la bo√Øte ! Un t√©l√©phone √† moins de 400 euros vendu avec une coque ! M√™me chez Apple, avec le dernier Iphone √† 1200‚Ç¨, il faudra acheter une coque en suppl√©ment.
En terme de rapport qualit√©/prix, je lui met 8/10.
Un verre de protection sur l'√©cran ne serait pas du superflux.
La batterie qui manque de ""punch""
Je recommande ce Nokia 7 Plus, si vous cherchez un t√©l√©phone fiable, puisssant, performant, et de qualit√©... pour moins de 400‚Ç¨ !"
Nicolas AMEAUME,"5,0",19 avril 2018,"Je cherchais un Android pur avec de bonnes performances et pour un prix correct... Le Nokia 7 Plus r√©pond √† tous ces crit√®res. Efficace, bel √©cran, APN sympa (pour un smartphone), Android One... Bref.. un choix √† ne pas n√©gliger pour qui veut rester sous la barre des 400‚Ç¨ sans sacrifier la qualit√© ni la performance.
Bravo Nokia !"
Cedric,"5,0",1 septembre 2018,"**Portable en fonction depuis Mai 2018.** J'ai donc attendu quelques mois avant d'en faire son √©valuation.
Avec ce dernier mod√®le Nokia signe son retour dans les r√©f√©rences de milieu de gamme.
C√¥t√© style rien de bling bling ou d'original son design classique soulign√© par une bande lat√©rale couleur cuivre lui donne un aspect chic/√©l√©gant tr√®s appr√©ciable.
Note ‚≠ê‚≠ê‚≠ê‚≠ê‚≠ê
Son √©cran IPS 2160x1080 manque un poil de luminosit√© en pleine lumi√®re et se trouve un peu froid. Il sera par ailleurs impossible de modifier ce dernier param√®tre du fait d'un OS Android One. Il demeure malgr√© cela tr√®s r√©actif et offre d'excellents contrastes.
Note ‚≠ê‚≠ê‚≠ê‚≠ê
Anim√© par un Snapdragon 660, 4Go de Ram pour une m√©moire interne effective d'env 48Go (extensible via SD) ce portable offre des performances tout √† fait agr√©ables √† l'usage. M√™me si je ne fais pas dans les jeux gourmands, les fonctions multit√¢ches ne pr√©sentent aucun probl√®me pour lui.
Note ‚≠ê‚≠ê‚≠ê‚≠ê‚≠ê
Sa batterie de 3800mA assure un tr√®s bonne autonomie de 2 jours pour une utilisation soutenue ""classique"" de plus elle se recharge tr√®s rapidement gr√¢ce √† sa connectique USB-C.
Nota: si comme moi vous branchez votre portable un peu partout je vous conseille de pr√©voir l'achat de c√¢bles et ou d'adaptateurs afin de vous √©viter quelques d√©sagr√©ments üòâ
Note ‚≠ê‚≠ê‚≠ê‚≠ê‚≠ê
Au chapitre du son ses performances sont correctes malgr√© un haut parleur unique qui manque un peu de clart√©. La sortie jack et les √©couteurs fournis offre une bonne qualit√© d'√©coute lors de mes s√©ances de courses.
Aucun souci rencontr√© en mode main libre √©galement.
Note ‚≠ê‚≠ê‚≠ê‚≠ê
C√¥t√© r√©seau il offre une excellente accroche 4G chez Orange/Sosh, sa puce GPS est efficace et sa connectivit√© BT et WIFI tout aussi performantes.
Il offre √©galement toute une panoplie d'options non essentielles mais terriblement utiles comme le lecteur d'empreinte tr√®s r√©actif, acc√©l√©rom√®tre, boussole, gyroscope ainsi qu'un capteur de lumi√®re.
Note ‚≠ê‚≠ê‚≠ê‚≠ê‚≠ê
C√¥t√© photo ces capteurs avant et double arri√®re offrent de tr√®s bon rendus avec un angle de prise important et peu d√©formant (12Mpx en 4/3 et 8Mpx en 16/9 et vid√©o pour la partie arri√®re). Les captures offrent un joli piqu√© ainsi que de belles couleurs toutefois le r√©sultat sera nettement moins bon en basse lumi√®re aussi bien en mode photo que vid√©o. cela dit il reste tr√®s homog√®ne et efficace dans cette gamme de prix.
Note ‚≠ê‚≠ê‚≠ê‚≠ê
J'en terminerai avec l'OS Android One pur qui aura √©t√© un autre crit√®re de choix pour moi.
Cette option tr√®s subjective apporte des performances accrues du fait d'un syst√®me d'exploitation sans surcouche ni fioritures au d√©triment de r√©glages (√† l'instar de la colom√©trie de l'√©cran par exemple) et de possibilit√©s de personnalisations r√©duites.
Tout cela est donc tr√®s subjectif mais si j'appuie ce choix c'est aussi du fait que Nokia tient ses promesses √† offrant des mises √† jour de s√©curit√© r√©guli√®res. De fait j'ai eu une mise √† jour majeure + s√©curit√© d√®s le premier d√©marrage du portable et depuis lors, une mise √† jour de s√©curit√© mensuelle l√† ou Motorola m'avait particuli√®rement d√©√ßu je suis ravi de voir que Nokia se r√©v√®le tr√®s s√©rieux sur le sujet.
Pour info la mise √† jour vers Android 9 Pie est pr√©vu pour le mois de septembre 2018 donc d'ici peu.
Note ‚≠ê‚≠ê‚≠ê‚≠ê‚≠ê
Pour conclure je suis totalement satisfait de mon choix et malgr√© quelques d√©fauts mineurs ce produit sans excellence offre une homog√©n√©it√© parfaite pour sa gamme de prix.
Je ne peux donc que le recommander et lui accorder une note tr√®s proche du maximum."
Client d'Amazon,"5,0",29 mai 2018,"Je cherchais un Android pur avec de bonnes performances et pour un prix correct... Le Nokia 7 Plus r√©pond √† tous ces crit√®res. Efficace, bel √©cran, APN sympa (pour un smartphone), Android One... Bref.. un choix √† ne pas n√©gliger pour qui veut rester sous la barre des 400‚Ç¨ sans sacrifier la qualit√© ni la performance.
Bravo Nokia !"
eberhard fabien,"3,0",5 mai 2018,"Pour le moment satisfait du nokia7 plus les photos sont de bonnes qualit√©s, le son est parfais la finition et top livr√© avec une coque silicone ce qui est rare , par contre on est loin des deux jours de batterie plut√¥t 1 jours et demi max selon utilisation c est m√™me tous les jours qu il faut charger mais dans l ensemble tr√®s bon produit
Apr√®s 6 mois d utilisation le bilan est mitig√© par rapport au d√©but .
√âcran qui bug et se bloque , vitre de l'appareil photo fissur√© dans ma poche donc r√©sistance a revoir , le t√©l√©phone est sous Android 9 pie, pas franchement une r√©ussite,le t√©l√©phone s'√©teint et se rallume seul, je le met en vente et reprend un Huawei"
MrSeriousMath,"3,0",13 juin 2018,"Apr√®s un mois et demi mon avis avec mon Nokia 7 plus (mod√®le TA-1046) penchait vers la bonne surprise.
MISE √Ä JOUR 9/10/18 : Mais apr√®s quelques mois, une douche glac√©e est arriv√©e et j'enl√®ve au final une √©toile. La faute √† HMD Global (Nokia) et non vraiment au smartphone en lui m√™me.
Bons points :
- Android one : pas de chichi, pas application install√© en plus au lancement du t√©l√©phone. Et surtout, possibilit√© de supprimer les applications qu'on ne d√©sire pas, m√™me  les applications Google !
- Suivi : Pour l'instant les mises √† jour arrivent r√©guli√®rement tout les mois, le t√©l√©phone tourne toujours avec la derni√®re s√©curit√© Android.
- Autonomie : 2 jours complet si je n'utilise pas le t√©l√©phone de mani√®re intensive.
- Appareil photo : r√©actif, pas mal de modes diff√©rents, mode manuel, et sort des photos tr√®s propres.
Points n√©gatifs :
L'application Fichiers qui ne fonctionne pas compl√©tement. Impossible de transf√©rer des applications sur carte SD. Mais heureusement, pour ce qui est musique et photo, le probl√®me ne se pose pas (r√©glable dans les param√®tres des applications d√©di√©es).
√âdit du 9/10/18 :
Je rajoute ce point important. Septembre 2018, HMD Global (Nokia) annonce qu'Android 9 (Pie) est arriv√© sur le Nokia 7 Plus (et qu'il est le premier appareil Nokia a recevoir la mise √† jour)... Et bien oui et non. Seul l'Inde (10% des Nokia 7 Plus en circulation) ont eu la mise √† jour mais aussi la mise √† niveau de la s√©curit√©. Les autres rien, toujours sur 8.1 et la s√©curit√© du 1er Ao√ªt.
Sur Twitter, Nokia et son patron annonce que la mise √† jour arrivera dans les jours qui arrivent. Mais on apprend la sortie de nouveaux smartphones Nokia et que ces nouveaux appareils recevront la mise √† jour avant le Nokia 7 plus, qui l'aura en novembre, en m√™me temps que le Nokia 8 ! C'est donc non seulement une promesse non tenue (novembre au lieu de septembre) mais egalement un mensonge d'annoncer la disponibilit√© de cette mise √† jour alors que tous les Nokia 7 plus n'y ont pas le droit .
C'est un tr√®s mauvais message envoy√© de la part du Finlandais, surtout qu'en plus sur les smartphones qui ont eu la mise √† jour, beaucoups d'utilisateurs annoncent des bugs et de une version stabilit√©  mais pas vraiment pour la version finale d'Android 9 alors que m√™me la beta avait eu moins de bug, et m√™me √©tait plus stable que la version finale. En plus il semblerait que certaines fonctionnalit√©s pr√©vus auraient disparues d'Android 9.
C'est donc un oui pour le smartphone en lui-m√™me mais un non pour Nokia. Si le constructeur revoit sa copie niveau communication et suivi, je changerais de nouveau mon avis, mais en l'√©tat, j'invite les gens a voir plut√¥t du c√¥t√© de Huawei/Honor/OnePlus pour un meilleur suivi et √©coute de sa communaut√© et au final  surtout fuir Nokia."
MaxB,"4,0",8 d√©cembre 2018,"Bonjour √† tous ,
J‚Äôavais quitt√© NOKIA ( N95 ) pour tester d'autres marques sous Android .
Je suis combl√©.
La derni√®re version qui est disponible sur mon NOKIA  :Android P & mise √† jour de s√©curit√© novembre 2018
Ecran 6 pouces r√©solution 2160X1080 pour profiter de vos photos et regarder en bonnes conditions des vid√©os
en streaming sur Amazon prime vid√©os , Molotov , Netflix ou mycanal ...
Photos 12 MP & 13 MP objectif ZEISS + zoom optique X2 joint les photos ne sont pas retouch√©es ( sans flash )
ainsi que la vid√©o qui filme en 1920X1080 px .
Une bonne autonomie pour tenir une journ√©e bien remplie
J'ai install√© une nano sim et j'ai √©tendu le stockage avec une micro sd de 256go .
Six jours d'utilisation je continue mon test ...
Comme toujours livraison et livreur au top ..."
C. F.,"3,0",29 octobre 2018,"Bon smartphone dans l'ensemble, mais quelques ralentissements se font sentir lorsque l'on alterne entre plusieurs applis (pas forc√©ment gourmandes). Cela reste coh√©rent avec la gamme de prix.
N√©anmoins, et l√† est un gros d√©faut pour moi, la luminosit√© de l'√©cran ne descend pas en-dessous de ~15% (le soir ou dans la p√©nombre, √ßa agresse les yeux). Aucune mise √† jour n'a r√©gl√© le probl√®me. En cherchant sur internet, j'ai vu que je n'√©tais pas le seul, et que les nouveaux mod√®les semblent tous touch√©s (depuis ~juillet 2018). La seule diff√©rence qu'il y a entre les smartphones produits avant et apr√®s cette date est la version du firmware de l'√©cran tactile : pour ceux qui n'ont pas ce d√©faut, il y est inscrit ""07"", pour les autres (comme le mien), il y a ""Novatek-07"". En plus de la luminosit√©, la dalle serait apparemment plus jaun√¢tre (voir comparaisons sur les forums). Mais √ßa ne se per√ßoit que lorsque l'on compare.
√áa reste un bon appareil mais je vais me tourner vers une autre marque et une autre gamme."
T K,"5,0",2 avril 2019,"VOIR EDIT EN BAS DE PAGE
C'est un tr√®s bel objet, sans aucun doute et, apr√®s quelques ann√©es sous gestion Microsoft, la qualit√© Nokia est enfin de retour. La finition, l'√©cran, les photos, je n'ai rien  √† reprocher √† ce mobile ...
... sauf que lorsqu'on t√©l√©phone sur un autre mobile, il n'y a pas de tonalit√©! Aucun probl√®me quand on essaie de joindre un fixe, mais quand c'est sur un mobile, le Nokia 7+ reste compl√®tement muet jusqu'√† ce que l'interlocuteur r√©ponde. Parce que chez lui, √ßa sonne.
J'ai pass√© plusieurs heures (!) avec le SAV de Nokia et, apr√®s avoir manipul√© le mobile dans tous les sens, l'avoir red√©marrer en mode sans √©chec et v√©rifi√© tous les menus et sous-menus, les seules ""solutions"" qui me restent seraient de faire un reset usine ou de renvoyer le t√©l√©phone sous garantie.
Je n'ai pas envie de tout remettre √† z√©ro, de perdre mes donn√©s et de recommencer √† installer tous mes applis, j'ai suffisamment perdu de temps avec ce t√©l√©phone. Surtout que le r√©sultat n'est pas garanti. Et si je renvoie ce mobile √† Amazon, je perds de l'argent, les prix ont sensiblement augment√© depuis mon achat.
EDIT: Comme par hasard, deux ou trois jours apr√®s la publication de ma critique ci-dessous, TOUT EST RENTRE DANS L'ORDRE, enlevant toute cr√©dibilit√© √† mon r√©cit. Peut √™tre qu'il y avait une mise √† jour dont je ne me serais pas rendu compte? Aucune id√©e.
Toujours est-il que ce probl√®me m'est arriv√©, Nokia n'a pas pu proposer de solution et, sur leur forum, j'ai vu que je ne suis pas le seul: il y a un message (en anglais) sans r√©ponse de novembre 2018 relatant la m√™me m√©saventure.
Il est vrai que sans ce probl√®me de tonalit√©, ce t√©l√©phone m√©rite ses 5 √©toiles, je rectifie donc, tout en gardant le r√©cit de ce qui s'est pass√©. Si quelqu‚Äôun de chez Nokia passe par l√†, contactez-moi."
KvR,"4,0",30 juin 2018,"Ecran de qualit√© mais la fonction touchscreen est peu efficace dans les coins ce qui m'a oblig√© de changer de place certaines applications, programmes intuitifs mais malheureusement souvent intrusifs dans la vie priv√©e, juste un peu trop grand pour pouvoir le mettre en poche, appareil photo de qualit√©. malheureusement, la dur√©e de la batterie est <12h en roaming bien que je n'utilise qu'un minimum de programmes peu gourmands et que je ne fasse que quelques photos/jour, par contre la g√©olocalisation fut utilis√©e."
Godier Philippe,"1,0",13 d√©cembre 2018,"achet√© en juin, d√©j√† en panne.
le mat√©riel bugge, il faut appuyer plusieurs fois sur la touche d√©marrage pour le  d√©bloquer.
ce soir , il m'a fallut √† 7 reprises le brancher et rebrancher avant qu'il ne se mette en alimentation.
il est tr√®s lourd.
A bannir"
Client d'Amazon,"1,0",20 janvier 2019,"Je fais vous part de mon exp√©rience concernant le Nokia 7 plus. C'est sur le papier certainement le meilleur smartphone milieu de gamme cependant j'ai eu bien trop de probl√®mes avec deux exemplaires. J'ai re√ßu le premier qui avait un tr√®s bel √©cran tr√®s lumineux avec une colorim√©trie bien calibr√©e toutefois au bout de quelques heures j'ai constat√© que les 2cm en bas de l'√©cran n'√©taient plus tactiles. J'ai d'abord cru √† un bug de la navbar mais j'ai bien compris que ce n'√©tait pas cela car le tactile ne r√©pondait plus m√™me 1/2cm au dessus. J'ai donc red√©marr√© le smartphone et tout est rentr√© dans l'ordre jusqu'au lendemain ou le souci s'est reproduit. J'ai √©t√© voir sur les forums de Nokia et XDA developper et j'ai constat√© que je n'√©tais pas le seul dans ce cas car en effet pas mal de monde avaient ce probl√®me depuis plusieurs mois. Il y avait cependant un moyen de contournement en allant dans le menu syst√®me et √† propos du t√©l√©phone le tactile se remettait √† fonctionner. J'ai quand m√™me trouv√© cela intol√©rable surtout que Nokia ne comptait pas corriger le probl√®me car certainement hard et non firmware.  J'ai demand√© un remplacement Amazon et j'ai re√ßu un nouveau smartphone qui oh malheur avait un √©cran horrible. Tr√®s bleu, tr√®s peu lumineux et le 1/5 du bas de l'√©cran voil√© jaune vert. J'ai gard√© ce t√©l√©phone deux jours, il n'a pas pr√©sent√© le bug de tactile qui ne r√©pondait plus (m√™me version de firmware √©cran). L'√©cran √©tait tellement horrible que j'ai finalement demand√© un remboursement. Conclusion, je pense qui certaines personnes vont se contenter des probl√®mes que j'ai rencontr√© et ne vont pas retourner le t√©l√©phone pour cela mais le Nokia 7 plus semble √™tre une loterie et peu de versions ont l'air de ne pas avoir de souci. Dommage car il aurait pu √™tre un tr√®s bon milieu de gamme."
Cristi C.,"1,0",9 ao√ªt 2018,"Je suis vraiment d√©√ßu. J'ai re√ßu le model TA-1055 (single sim), mais la description de l'article dit que le t√©l√©phone est dual sim. Je doit maintenant le retourner et faire une autre commande."
Blackie541,"3,0",18 mars 2019,"Le Nokia 7+ est un petit t√©l√©phone (en terme de performances, non de taille). Comme son grand fr√®re le Nokia 8 sirocco, il ne supporte pas du tout Android 9 Pie qui le fait dysfonctionner √† plusieurs niveaux. La seule vraie diff√©rence avec le N8s, c'est que la commande OK Google fonctionne sur le N7+. Comme le N8s, l'√©cran tactile est peu r√©actif, tout d√©pend de l'angle du doigt quand vous le touchez. Il a beau afficher des specs sup√©rieures √† l'Asus Zenfone 5 Ze620kl, ce dernier est plus v√©loce la plupart du temps et en plus il est st√©r√©o, ce qui n'est pas le cas du N7+. C'est un smartphone assez cher par rapport √† ses qualit√©s somme toute moyennes. Si vous √™tes handicap√©, je ne vous le recommande pas. L'accessibilit√© est probl√©matique m√™me si c'est plus grave encore sur le N8s. √áa s'arrangera peut-√™tre avec une prochaine mise √† jour mais quand celle-ci aura-t-elle lieu... myst√®re. Cela √©tant dit, je pr√©f√®re encore un N7+ √† un Samsung ou un iPhone qui sont pour moi le pire du pire en mati√®re de smartphones."
Tony Moutaux,"1,0",11 janvier 2019,"Ce smartphone serait tr√®s bien si le Wifi fonctionnait correctement ou que Nokia ne se contentait pas d'attendre que les mises-√†-jour AndroidOne corrigent les probl√®mes. Impossible de lister des r√©seaux qui √©taient d√©tect√©s 3/6h auparavant,  une fois un r√©seau trouv√©, aucun trafic qui ne passe : le Wifi est absolument inutilisable si on change de r√©seau/coupe (mode avion ou pour √©conomiser de l'√©nergie). A moins d'aimer red√©marrer le t√©l√©phone avant chaque utilisation, et d'avoir une musiquette d√©bile √† un volume tout aussi d√©bile.
Les forums de Nokia (ou ailleurs) sont remplis d'utilisateurs avec le m√™me probl√®me. La solution de Nokia est de faire l'autruche et d'attendre que le programme AndroidOne veuille bien corriger les probl√®mes (c'est surement le m√™me programme AndroidOne qui am√®ne ces mis√®res).
Retour apr√®s 1 mois de d√©couragement journalier. Et plus jamais de Nokia pour ma part."
Rg76,"5,0",2 juillet 2018,"Vraiment un bon smartphone, rapide et fluide. La tenue de la batterie est en cours de test mais c'est pas le pire mais pas le meilleur non plus. Mon redmi note 5 le d√©passe largement tout en ayant une utilisation plus forte de celui-ci."
Client d'Amazon,"5,0",2 janvier 2019,"C'est avec regret que j'ai abandonn√© mon Windows Phone puisque Microsoft a l√¢chement abandonn√© les utilisateurs. Nokia a √©t√© mon tout premier portable et j'aime bien cette marque. Reprendre un Android apr√®s un Windows c'est un peu difficile. Je suis agr√©ablement surprise par ce Nokia. D√©j√† je le trouve tr√®s beau ; la navigation est ais√©e, tr√®s facile ; les photos sont superbes. Heureusement Microsoft nous permet d'associer un nouveau portable au PC ce qui m'a permis de retrouver Edge et plusieurs options sympas que j'avais sur le Windows. Pour l'instant, je suis enchant√©e de mon achat."
Benjamin,"5,0",8 octobre 2018,"Tr√®s satisfait de cette commande arriv√©e le vendredi au lieu du lundi suivant. Donc cela m'a permis de le tester tout le week-end.
Pour ceux qui demandent, il s'agit du mod√®le TA-1055 64Gb dual SIM. Qui plus est, il y a une coque de protection dans la boite de tr√®s bonne facture. Je l'aurai su avant, j'aurai pas pris une coque √† c√¥t√©.
J'ai pris ce nokia 7 plus afin de remplacer mon Nexus 5X vieillissant. Je ne suis pas d√©√ßu par ce choix :
- Le t√©l√©phone est aussi large mais un poil plus long. Cela ne g√®ne en rien au confort.
- L'√©cran est d'excellente qualit√©, peu salissant (√† voir avec le temps) et tr√®s r√©actif.
- Seul b√©mol : Il n'y a pas de LED de notification. J'en avais l'habitude avec le Nexus 5X. Cela va m'aider √† ne pas rester accroch√© dessus et r√©agir √† la moindre notification."
Babillebabou,"4,0",18 d√©cembre 2018,"Tr√®s bon smarphone, la finition est impeccable pour le prix. Au premier d√©marrage, il y a une grand nombre de mise √† jour, environ 2go (Android Pie v9).
+
Ecran lumineux, le mien est √©quip√© d'une dalle novatek-07 mais malgr√© cela je n'ai pas constat√© de tendance verd√¢tre en haut et bas de l'√©cran, le pb a peut √™tre √©t√© corrig√© avec un nouveau firmware
Tr√®s r√©actif pour l'ensemble des applis, pas test√© les jeux je ne joue pas
Programme Android One, on a un Android sans surcouche, c'est du bonheur
prise jack √©couteur
emplacement carte SD ou deuxi√®me sim
-
Pas de r√©glage approfondi de l'√©cran
La taille peut √™tre pour certaines personnes
Je ne ferai pas de commentaire sur l'appareil photo, pas eu le temps de tester pour le moment.
Livr√© avec une coque transparente, alim & c√¢ble usb-c et √©couteur"
BARBS,"5,0",23 septembre 2018,"Et quel retour de Nokia!
T√©l√©phone sobre et tr√®s √©l√©gant. Excellente qualit√© technique (affichage superbe, processeur rapide, appareil double objectif Zeiss aux photos √©poustouflantes, vid√©o et audio √† la hauteur, etc.). Grand √©cran. Batterie longue dur√©e, autonomie 2j malgr√© un usage fr√©quent. Clavier confortable. Correction/suggestion linguistique au point. Coque transparente fournie, impeccable.
Et petit d√©tail appr√©ciable, enfin un t√©l√©phone qui √©chappe √† l'h√©r√©sie dominante des bords d'√©cran arrondis, pas si pratiques et disgracieux.
Seul petit regret, la couleur de la pastille de notification des applications, vert, ce qui n'offre pas assez de contrastes avec les couleurs des applis. Le rouge conviendrait mieux bien √©videmment. J'√©crirai √† Nokia pour leur proposer une mise √† jour du syst√®me dans ce sens."
jefferson,"5,0",6 mai 2018,tr√®s tr√®s bon produit facile d'utilisation performant rien a dire mon ancien t√©l√©phone qui avez couter le double ne lui arrive pas √† la cheville
rambolit1,"2,0",9 mars 2019,"Bonjour, au retour de Nokia je me suis dit que ce smartphone serais comme les anciens, mais j'ai vite d√©chant√©, soucis avec le wifi maison ou il faut red√©marrer le t√©l√©phone pour le capter. La recharge qui est pris en compte quand le t√©l√©phone et red√©marrer,  les touches de contr√¥le qui se bloque toute seule, obliger de red√©marrer le t√©l√©phone, pour ma pars je le renvoie chez amazon au bout de 2 semaines d'utilisation. Je ne le conseille vraiment pas"
Woody44,"4,0",11 f√©vrier 2019,"Je voulais un smartphone sans surcouche ni applis constructeur/fournisseur qui alourdisse l'os. C'est chose faite avec ce Nokia. Fiable, autonomie parfaite.
Je lui enleve une etoile pour 2 raisons:
-Le r√©glage du son n'est pas pratique. Pas de possibilit√©s de regl√© le volume de la sonnerie sans pass√© par les parametres, on peut juste mettre en silencieux ou activer la sonnerie. Pas pratique quand on navigue entre le mode exterieur et interieur.
Autre chose concernant le son. La notification qui dit que le telephone est branch√© sur secteur est toujours √† fond. Pas moyen de trouver o√π baisser ce reglage.
-Le bouton de veille sur le cot√© semble avoir un defaut, il faut appuyer fermement pour que cela fonctionne. Avec l'habitude, on s'y fait mais avec la renomm√© du constructeur, on ne s'attend pas √† ce genre de defaut.
En tout cas, je conseil ce telephone, et mon prochain sera son successeur... (quand celui-ci aura rendu l'ame ;) )"
MDM,"5,0",9 septembre 2018,"Solide, pratique avec android one pour √©viter toute fioritures et surcouches inutiles. Un bon retour de la marque Nokia avec tout ce qui a fait son succ√®s. Vraiment tr√®s heureux de ce t√©l√©phone. Son √©cran est superbe, il r√©agit vite et son autonomie est cons√©quente. Que du bonheur pour un prix raisonnable au regard du march√© actuel."
Nico1986,"5,0",4 d√©cembre 2018,"J'ai achet√© ce smartphone en remplacement d'un ancien Nokia vieillissant et je n'en suis pas d√©√ßu. Il est superbe et d'une qualit√© irr√©prochable. Le son et les photos sont de tr√®s bonne qualit√© et il capte tr√®s bien, je me sers aussi d'un smartphone Sony dernier mod√®le pour mon travail et j'avoue que le Nokia capte bien mieux et a une meilleure autonomie. Son rapport qualit√© prix est excellent. N'h√©sitez pas acqu√©rir se petit bijou il ne vous d√©cevra pas."
Olivier,"2,0",29 d√©cembre 2018,"Tr√®s emball√© √† la r√©ception, apr√®s quelques mois d'utilisation et diverses MAJ d'OS, me voil√† bien d√©√ßu de ce t√©l√©phone.
L'√©cran freeze, seul moyen de reprendre contr√¥le sur le t√©l√©phone, verrouiller/d√©verrouiller le t√©l√©phone. Le probl√®me a l'air de revenir tr√®s souvent chez beaucoup d'utilisateur depuis une MAJ.
Le t√©l√©phone a des ralentissements (en consultation simple internet), le logiciel pour la prise de photo est nul en mode pro (on ne voit pas en direct √† l'√©cran les modifications apport√©es √† l'ouverture de l'obturateur par exemple).
Je m'attendais √† un milieu de gamme sympathique et j'ai l'impression d'avoir une entr√©e de gamme laborieuse entre les mains.
3 points positifs cependant : la batterie vraiment excellente, le design et le bel √©cran.
J'aurai su, j'aurai rajouter quelques euros et me serait tourn√© vers un P20. Dommage."
Olivier Rhein,"5,0",3 mars 2019,"Smartphone complet, √©tanche, avec une carte SD et un jack audio...
Les photos et les videos sont franchement pas mal (mon pr√©c√©dent t√©l√©phone √©tait un Samsung S7).
La fonction zoom optique x2 est top.
Et puis pas de surcouche sur l'OS, c'est l'android tout droit sorti de chez google dans les derni√®res versions. Tres content de mon achat."
RR JS,"2,0",11 d√©cembre 2018,"achet√© en mai 2018,NOKIA 7 plus LTE 64 GB dual white, malgr√© plusieurs essais de r√©glages  photos toujours d'une apparence verd√¢tre,mon ancien nokia 5  √©tait 10 fois mieux en photo,
agenda/calendrier, impossible d'arriver √† faire des rappels (anniversaires etc..RDV, et annoncent √©crites sur portable, tr√©s d√©√ßue, ai repris le nouveau nokia 7 (plus performant ?!!!!!!) mais trop de changement et pas mieux"
Valentin Burgraeve,"5,0",18 novembre 2018,"Tr√®s bon smartphone sans surcouche ni app degeulassses pr√©install√©es, il est puissant de ouf avec son Snap 660 on se croirait avec un 8xx. Foncez !"
Client d'Amazon,"5,0",11 d√©cembre 2018,j'ai √©tudi√© de nombreux articles sur un t√©l√©phone avec android one afin d'avoir un dur√©e de vie optimale avec des mises √† jours garanties et j'ai trouv√© ce t√©l√©phone Nokia qui est √©quip√© comme un samsumg ou un iphone et qui vaut le tiers du prix.... √† m√©diter
Amazon Customer,"5,0",20 d√©cembre 2018,Tr√®s bon smartphone Android one. Bel √©cran de grande taille. Bonne capacit√© de stockage. Bien construit. P√®se son poids. Bonne autonomie. Respire la qualit√©. J'esp√®re que ce ne sera pas qu'une impression.
Xavier,"4,0",1 f√©vrier 2019,Le portable est parfait en revanche il n'a pas la double SIM mais uniquement un emplacement simple SIM + carte Micro-SD.
mathilde b.,"5,0",1 ao√ªt 2018,"Parlerait correspond aux attentes , coque et film dans la bo√Æte
Tiens bien la charge, agr√©able en main"
Client d'Amazon,"5,0",2 d√©cembre 2018,"Apr√®s avoir √©t√© un fan de Windows phone, premi√®re exp√©rience Android avec un Nokia sans surcouche. Simplement g√©nial. Je ai trouv√© un launcher qui permet de avoir le interface Windows et la, j ai le meilleur des deux syst√®mes. Simplement bluffant."
FREREBEAU Julien,"5,0",27 septembre 2018,"Ma femme a un Samsung s9 qui fait le sans fautes. Plus raisonnable j'ai choisi ce Nokia. Hormis les photos o√π l'on voit quand m√™me une petite diff√©rence, pour le reste franchement c'est du pareil au m√™me. Je dirai m√™me plus, Android one est nettement plus agr√©able. Tr√®s bon produit, qualit√© de finition Nokia qui plus est."
florian descollonges,"4,0",9 mars 2019,"J'avais Lumia 640 au d√©but j'ai eu un peu de mal a l'utiliser et maintenant c'est impeccable.
Attention il faut une carte sim nano."
Client d'Amazon,"4,0",23 f√©vrier 2019,"Tr√®s bon t√©l√©phone ! Venant d'un Honor j'avais un peur d'√™tre perturb√© par le c√¥t√© tr√®s simpliste et pas personnalisable de Andro√Ød Stock et finalement je m'y fais bien. Il fait des photos de bonne qualit√©, la batterie est vraiment bonne et le t√©l√©phone ne souffre d'aucun ralentissement."
hamon,"5,0",3 avril 2019,"Surement un des meilleurs smartphones actuels dans cette tranche de prix. Aucun regrets et aucuns soucis rencontr√©s √† ce jours avec ce t√©l√©phone. simple, fluide, r√©actif et tout √† fait performant. Les mises a jour android se font chaque mois ce qui est un plus en terme de s√©curit√©."
PierrotBlack,"5,0",25 avril 2019,Super portable sans surcouche. Tr√®s r√©actif. Beau design. Aucun ralentissement. Pas de d√©faut majeur.
Nado44,"5,0",18 d√©cembre 2018,Mon √©poux ne voit que par lui.
Linor,"5,0",30 d√©cembre 2018,"Livr√© avant l'heure, correspond √† la description, pas de mauvaise surprise. Le tactile est fluide, belle luminosit√©.
Apr√®s... il faut l'utiliser plus longuement pour en savoir plus !"
Poncet,"5,0",20 septembre 2018,Tr√®s bon t√©l√©phone. Bonne r√©activit√©. √âcran tr√®s lumineux. Batterie durant 2 jours sans probl√®mes.
Gggarth,"3,0",30 janvier 2019,"Le t√©l√©phone est √©tonnamment bien pour le prix, mais je l'ai re√ßu avec une rayure en bas de l'√©cran..."
Yvan De Raeymaeker,"5,0",21 novembre 2018,Produit de qualit√© qui r√©pond a mes attentes . Pour le moment je suis tr√®s satisfait . Dommage pour la led de notification qui est tout simplement absente . ( Mais √ßa je le savait ...)
Philou,"5,0",25 mai 2019,"Apr√®s un an d utilisation, j en suis tr√®s satisfait. Android one permet d avoir toujours les derni√®res mises √† jour.
Les photos sont de bonnes qualit√©s et la batterie tient sans probl√®me une journ√©e voire 2 selon l utilisation."
Marie-Line,"5,0",14 d√©cembre 2018,Enchant√©e par ce t√©l√©phone que j'ai d√©j√† depuis plusieurs mois ! il est parfait et son grand √©cran permet de bien visionner photos et vid√©os ! je recommande
Client d'Amazon,"2,0",14 d√©cembre 2018,Pour la vie de tous les jours et mon travail
Zouz,"4,0",19 avril 2019,"Satisfait de ce mod√®le avec dual sim qui profite des derni√®res mises √† jour.
La lampe torche a une couleur qui tire l√©g√®rement sur le orange et attention au niveau de la prise de rechargement qui a un jeu et semble fragile."
Philippe BIRCHENALL,"5,0",11 d√©cembre 2018,"Tellement content de retrouver NOKIA pour ce smartphone que je ne lui trouve que des qualit√©s , mais c'est justifi√© !!!!"
Silip,"4,0",23 septembre 2018,Parfois l'√©cran est difficile √† voir en plein soleil mais ce smartphone est tr√®s bon. Android pur = un vrai plaisir
berthelet,"5,0",29 d√©cembre 2018,Pas de soucis pour la commande. J'ai bien re√ßu la version TA 046 de ce t√©l√©phone qui poss√®de la bande B28 √† 700mhz (je suis chez Free mobile). Il faut faire attention aux importations car tous les mod√®les de 7 plus n'ont pas cette bande.
TELOU,"4,0",4 f√©vrier 2019,Franchement bon rapport qualit√© prix c'est quand m√™me du Nokia avec super objectif photo mais la prise de chargement est une vraie catastrophe fragilit√© av√©r√©e usage de 6 mois pour le t√©l√©phone pr√©c√©dent.
Anna,"5,0",8 janvier 2019,"Jusque l√†, tout se passe extr√™mement bien. Ce t√©l√©phone me satisfait totalement. Il faut dire que je n'en avais pas achet√© depuis plus de 4 ans. Il est rapide et a une esth√©tique sympa. Je recommande."
wetz,"4,0",28 novembre 2018,Bien
Petit,"5,0",6 f√©vrier 2019,"fluidit√© impeccable, belles photos, bon son, bonne r√©ception 4g... pour cette cat√©gorie de prix c'est le meilleur que j'ai eu..."
Christophe Leconte,"5,0",22 novembre 2018,"Le t√©l√©phone est rapide.
La mise √† jour d'Android se fait rapidement."
Client d'Amazon,"5,0",2 mars 2019,Super contente. Je recommande.
Spo,"4,0",24 novembre 2018,L'√©cran ne r√©pond pas de temps en temps pendant des longues secondes.
Mr. Gregory Gonzalez,"5,0",8 novembre 2018,"La batterie tient bien, aucun probl√®me √† signaler."
Amoujou abdellah,"5,0",9 mai 2019,Tr√®s satisfait de la qualit√© et m√™me du prix je recommande
Client d'Amazon,"5,0",27 janvier 2019,Usage quotidien. Simple √† utiliser.
Therese A.,"5,0",7 avril 2019,"Produit excellent, mais police de caract√®res ne convient pas √† un quelqu'un qui a un probl√®me de vue."
Client d'Amazon,"5,0",16 f√©vrier 2019,"Tr√®s bon smartphone, correspond √† mes attentes."
Bastet62,"5,0",9 juin 2019,Autonomie incroyable
pujos.bernard,"5,0",26 mars 2019,Super  t√©l√©phone
Tiphaine Bihoreau,"5,0",3 mars 2019,Je recommande.
hugo ,"5,0",19 f√©vrier 2019,Super produit
Modou,"5,0",6 mai 2019,Satisfait
Da P.,"4,0",28 f√©vrier 2019,Bien
inadmissible,"1,0",31 mai 2018,"Ce t√©l√©phone est mis en avant par Google pour son programme Andoid One (cf site web Anroid One).
Google a fait une mise √† jour d√©but mai de l'OS -> r√©sultat plus de 4G avec le r√©seau Orange/Sosh.
Nokia est au courant du probl√®me qui devrait (ou pas) √™tre fix√© par la mise √† jours de Juin.
Donc 1 mois sans 4G... visiblement rien ne presse pour Google (en charge des mises √† jours).
Google a donc pousser une mise √† jours sur les terminaux des clients sans l'avoir test√© √† minima (la 4G est tout de m√™me une fonction de base) avec le r√©seau Orange (un op√©rateur important). Bien s√ªr aucun message d'excuse de la part de Google ni m√™me d'information sur la r√©solution du probl√®me et son √©ch√©ance.
L√†, le programme Android One de Google en prend un bon coup pour son image !
Petit rappel d'un des slogans du site Anrdoid One:
""Android, pur et simple
Avec Android One, vous b√©n√©ficiez instantan√©ment de la meilleure version d'Android disponible, pour que votre t√©l√©phone soit toujours √† la hauteur de vos attentes.""
... ce doit √™tre du second degr√©.
Update : nous sommes en juin, toujours pas de correctif"
Client d'Amazon,"5,0",29 avril 2018,"Beaucoup de qualit√©s pour tr√®s peu de d√©fauts:
- appareil tr√®s r√©actif, sans aucun bug ni lags quels que soient les usages
- √©cran magnifique : ce n'√©tait pas gagn√© car c'est de l'IPS et pas de l'OLED, mais sa luminosit√© et sa brillance m'ont convaincu (je ne jure que par l'OLED)
- tr√®s bonne autonomie, et en plus, la recharge est ultra rapide (>1% par minute de charge)
- le design est agr√©able et lui donne une vraie identit√© √† part des autres appareils du march√©
- la partie photo est tr√®s bonne, les clich√©s sont de qualit√©
- le rapport qualit√© prix est bon
- Android Oreo sans surcouche... Moi qui vient de chez Samsung, je suis conquis. Et en plus la promesse de mises √† jour rapide et fr√©quentes.
- capteur d'empreinte parfaitement plac√© et efficace.
- tr√®s bonne accroche des r√©seaux que ce soit mobile ou wifi. Parfaite stabilit√©. Il capte d'ailleurs partout, et mieux que mon ancien appareil (le r√©seau √† mon domicile est un peu probl√©matique)
Au rayon des d√©fauts:
- je n'aime pas la disposition des boutons volume et marche arr√™t. J'aurai pr√©f√©r√© qu'ils soient invers√©s
- un stabilisateur photo aurait √©t√© bienvenu pour √©viter les photos floues
- pas de batterie amovible... Pourquoi les constructeurs s'obstinent t'ils √† ne pas permettre son remplacement facile ?
- taux d'occupation de l'√©cran: un peu faible pour un appareil de 2018. Surtout que la bande inf√©rieure ne sert √† rien (aucunes touches sensitives)
- taille de l'√©cran: elle est un peu juste pour moi avec 6 pouces.
Au final, je l'utilise depuis 15 jours (je l'ai achet√© √† sa sortie) et il a remplac√© ma Galaxy tab S2 8 pouces que j'utilisais en smartphone. Pass√© le temps d'adaptation li√© √† la taille de l'√©cran, je suis conquis. Je ne veux plus jamais de surcouche constructeur sur Android. Je ne suis plus non plus aussi cat√©gorique sur l'IPS VS OLED.
Pour un appareil de ce prix, il offre des prestations proches du haut de gamme. Pas besoin de payer plus cher, avec l'assurance de la qualit√© d'une grande marque (m√™me si Nokia appartient √† HMD qui est une marque chinoise).
Conclusion: foncez, vous ne regretterez pas votre achat."
Client d'Amazon,"4,0",18 mai 2018,"Je viens d'un Nokia Lumia 735 sous windows 10 mobile. Et quel bonheur d'avoir enfin un t√©l√©phone avec des applications et surtout, qui ne lag ou ne crash pas tout le temps. Le suivi des mises √† jour est parfait puisque je viens d'avoir la mise √† jour de s√©curit√© de mai d'Android 8.1 (actuellement le 18 mai)
La prise en main est excellente, j'adore Android one sans aucune surcouche, et la partie photo est excellente pour le prix. Le Quick Charge 3.0 me change le vie puisque le t√©l√©phone charge en une 1h en mode avion et en 1h30 avec les donn√©es mobiles d'activ√©es. Je tiens facilement une journ√©e enti√®re en usage assez intensif (musique en Bluetooth, donn√©es mobile activ√©es tout le temps et partge de connexion le soir pendant quelques heures).
Le capteur d'empreinte est r√©actif et le son des hauts-parleurs est bon m√™me si pas excellent non plus. L'accroche r√©seau est bonne et les d√©bit en 4g+ sont tr√®s bons puisque je suis mont√© au maximum √† 202 Mb/s.
Le seul inconv√©nient est que je me sens un peu fliqu√© car depuis que je suis pass√© √† Android, je trouve beaucoup de pub cybl√©e et je re√ßcoit beaucoup plus de courriers ind√©sirables. Et je regrette √©galemment l'absence d'√©cran Oled m√™me si le LCD est ici tr√®s bon.
Mais sinon, pour quelqu'un qui cherche un excellent milieu de gamme, je le conseil vivement"
Dheilly Alain,"3,0",24 mai 2018,Pour ma part dans l'ensemble Bon t√©l√©phone mais le probl√®me des que je peux mettre qu'une carte sim et une carte sd je comprends pas car lorsque l'on lie la notice on vous fait voir que vous pouvez en mettre deux mais regardez bien la photo que je joint avec car ses le support sim qu'il y a √† l'int√©rieur.qui peut m'expliquer le probl√®me car l√† il y a soucis dites moi si ses pareil pour vous merci pour vos r√©ponses.
Richard,"5,0",14 juin 2018,"Bonjour
Si comme moi vous avez des intermittences 3G,3G+,4G, et pas de r√©seau, avec sosh orange et Nokia 7 Plus, et ce malgr√© la mise √† jour de mai et juin, je vous invite √† enti√®rement sauvegarder ,puis r√©initialiser totalement le mobile
Et ""O"" joie, la 4G+ fonctionne √† nouveau avec les op√©rateurs sus cit√©s.
Cordialement
Richard"
el pato te mato,"5,0",17 avril 2018,"Je cherche depuis un moment le rempla√ßant de mon nexus5x et m√™me si j'ai la capacit√© d'acheter un big one, non, rien ne me convenait. Pour faire simple c'est une tuerie, incroyable, franchement fluide, mise √† jour vers oreo 8.1 √† l'allumage. Pour faire une comparaison avec le nexus5x : il le laisse par terre... rien √† dire. Bref Nokia is back. Le cerclage en cuivre alors je dis bravo ! Il est lourd, il tient bien en mains, pas plus gros que le nexus5x. Android pure !!! alors avec nos amis chinois je garantis pas une back door dedans mais l'objet est magnifique. Petite touche sympa, un √©tui de protection se cache dans le compartiment accessoires. Sinon niveau performance, rien √† reprocher il est puissant et agile :D Regarder des vid√©os est un plaisir. GPS r√©actif, APN 6.75/10, superbe accroche en 4G. Merci Amazon.fr pour la protection d'√©cran offerte."
Thierrix,"5,0",8 septembre 2018,"smartphone remarquable
wot else ??"
Client d'Amazon,"2,0",23 octobre 2018,"Achet√© chez Proximus il y a un mois.
Ce Nokia 7 Plus fait d'excellentes photos (zoom optique X2 : excellent). La batterie tient longtemps.
MAIS...
La reconnaissance faciale est pr√©sente sur ce Nokia 7 Plus. Le programme enregistre correctement le visage. Mais √†  l'activation du smartphone, l'appareil ne se d√©verrouille pas avec la reconnaissance faciale. La reconnaissance faciale ne fonctionne tout simplement pas! Probl√®me signal√© au support Nokia depuis mars 2018! Probl√®me toujours non-r√©solu, m√™me apr√®s la mise √† jour vers Android 9 !!!
Pas de gestes de navigation (""gestures""), pas de reconnaissance faciale... L'√©cran qui se fige parfois ou reste sans r√©action, le jack audio qui ne reconna√Æt pas certains √©couteurs, pas de stabilisation en 4K, bootloader verrouill√©...
Pour 399‚Ç¨, je m'attendais √† mieux ! Surtout d'une marque telle que Nokia.
C'est mon premier et dernier Nokia.
Je retourne vers Xiaomi : au moins chez eux tout fonctionne et pour beaucoup beaucoup moins cher !"
BenÏßÄ,"5,0",27 juin 2018,"J'ai acquis ce smartphone via un op√©rateur ""quelconque"" üì±
Ce t√©l√©phone est √©pur√© avec son dos en m√©tal effet c√©ramique, le toucher est doux. Autour du t√©l√©phone se trouve une bande en cuivre tr√®s √©l√©gante qui fait ""classe"", voire sobre et √©l√©gante. On retrouve une prise jack en haut (bien que √ßa aurait √©t√© bien en bas √† c√¥t√© du port usb c) le portable est l√©ger pour ma part, compar√© √† mon Iphone 6s plus. Ce qui m'a fait donn√© envie de prendre ce t√©l√©phone c'est bien s√ªr son dos qui se salit moins vite qu'un dos en verre, car j'h√©sitais avec le A8 de samsung. De plus on retrouve un scanner d'empreintes qui est tr√®s rapide *-*
Le point fort du portable est son √©cran qui est juste sublime, dont les d√©tails sont parfaits pour cette gamme de t√©l√©phone. Avec son √©cran, les jeux, vid√©o, et autres utilisation sont un bonheur :3
Je ne connais pas grand chose en ce qui concerne la puissance üòÖ, mais tout ce que je peux dire c'est qu'il est puissant, et cela fait 2 semaines que je l'ai et z√©ro latence. Et concernant la photo, il fait son boulot, les photos sont belles sans surcouche. Le logiciel de m√™me est parfait, et les mises √† jours sont r√©gulier, mais...
J'oublie, faites attention √† l'√©cran, il peut rayer rapidement si vous ne mettez pas de verre tremp√©, ou de film protecteur.
<<<< pr√©parez-vous au mises √† jours d√®s le premier allumage de t√©l√©phone elles viennent les une apr√®s les autres environ 8 ou 9>>>>
Je conseille ce t√©l√©phone si vous √™tes maniaque des t√¢ches de doigts üòÇ si vous voulez des mises √† jours r√©guli√®res, avoir un grand √©cran ou si vous √™tes un fan ou un utilisateur/trice qui aime Nokia !! :')"
Laurent,"4,0",28 juin 2018,"J'ai achet√© ce t√©l√©phone en remplacement de mon Nexus 6P tomb√© en panne (achat chez Darty).
Ce que j'aime :
- Syst√®me Android One : une garantie de recevoir rapidement les mise √† jour rapide de s√©curit√© mais √©galement celle de l'OS (en ce moment la Beta 2 d'android P est test√©e, et est disponible sur le site Nokia)
- Un √©cran de bonne qualit√© bien adapt√© √† l'usage
- Un appareil photo au gout du jour
- Des performances plus raisonnables pour un usage normal.
- Une dur√©e d'utilisation de la batterie pouvant d√©passer un jour et demi
- Prise USB type C
- Prise Jack 3,5 mm
-pr√©sence quasiment de tous les capteurs en dehors du capteur Barom√©trique.
Ce qui manque :
- Recharge par induction
- Recharge Rapide
- Ecran Oled (?) mais l√† je suis plus mesur√© au vu de la qualit√© de l'√©cran d'origine.
Les sp√©cifications et le prix en font un appareil de milieu de gamme mais ses finitions le d√©marque de la meute de t√©l√©phone que l'on trouve dans cette gamme de prix"
introid,"4,0",23 mai 2018,"Bonjour,
le smartphone est tr√®s bon particuli√®rement dans cette gamme de prix, je le trouve relativement fluide, bien fini (rev√™tement mat au dos avec cerclage cuivr√©) il n'a pas trop chauff√© lors de mes essaies (MAJ OTA directement sous Android Oreo 8.1, surf internet, youtube, etc...), l'√©cran IPS est agr√©able (mais il y a mieux niveau angle de vue), je ne suis pas certains de sa capacit√© lumineuse en ext√©rieur par beau temps (premiers essais convaincants malgr√© tout) par contre il se montre agr√©able en s√©ance nocturne, l'APN (appareil photo) parait aussi tr√®s bon en bonnes conditions lumineuse (l'application m√©riterait d'√™tre plus intuitive par contre) et moins √† l'aise en faible luminosit√© (classique dans cette gamme), aucun des objectifs ne poss√®dent la stabilisation optique mais √©lectronique avec utilisation du gyroscope, le r√©sultat se montre convaincant. L'autonomie parait √©galement tr√®s bonne et l'appareil ne s'est jamais montr√© chaud ou br√ªlant.
Par contre je ne le trouve pas si agr√©able que cela en main car ses arr√™tes sont en angle droit donc pas tr√®s confortable.
Le d√©tecteur d'empreinte est tr√®s rapide, le son puissant et tr√®s clair m√™me si seulement mono.
Bref c'est un tr√®s bon appareil dans cette gamme de prix (prix officiel de lancement de 399 euros) mais attention la concurrence est tr√®s rude avec les Asus Zenphone 5 et Honor 10...
Parfois j'ai choisi ce Nokia 7 Plus me direz-vous? Parce que je souhaitais avoir un t√©l√©phone Android √† jour (je poss√®de un iPhone7 sous IOS √©videmment et c'est le top niveau suivi et MAJ) et √† m√™me de recevoir les MAJ Android/s√©curit√© tr√®s rapidement, et avec Android One c'est le cas! De plus le fait qu'il soit d√©pourvu d'une surcouche logicielle lui demande moins de ressources mat√©rielles et donc son couple processeur Snapdragon 660 et GPU Adreno 512 se montre tr√®s convaincant et √† m√™me d'affronter de nombreuses situations exigeantes. Le dernier point, je souhaitais une prise jack et id√©alement un appareil sans encoche que beaucoup finalement masque, autant ne pas l'avoir...
Dans mon cas une grosse d√©ception, j'ai re√ßu un appareil MONO SIM (mod√®le TA-1055) et non DOUBLE SIM (mod√®le TA-1046), c'est la raison pour laquelle je dois malheureusement le retourner... :( pour le commander √† nouveau en double SIM.
Dans tous les cas je ne peux que vous recommander cet appareil qui en plus √† la possibilit√© de recevoir de suite la Beta d'Android P, enfin un bon suivi sous Android hors Nexus/Pixel, cela fait tr√®s plaisir!
Cordialement"
ERIC,"5,0",15 f√©vrier 2019,"Je l'ai achet√© pour ma femme ;en noir cercl√© de cuivre il est tr√®s √©l√©gant !  il n'est pas du tout trop grand c'est parfait.
je vais certainement me prendre le m√™me."
LuC,"4,0",13 d√©cembre 2018,"Android one parfait
Rapport qualit√© prix parfait"
inadmissible,"1,0",22 mai 2018,"Ce t√©l√©phone est mis en avant par Google pour son programme Andoid One (cf site web Anroid One).
Google a fait une mise √† jour d√©but mai de l'OS -> r√©sultat plus de 4G avec le r√©seau Orange/Sosh.
Nokia est au courant du probl√®me qui devrait (ou pas) √™tre fix√© par la mise √† jours de Juin.
Donc 1 mois sans 4G... visiblement rien ne presse pour Google (en charge des mises √† jours).
Google a donc pousser une mise √† jours sur les terminaux des clients sans l'avoir test√© √† minima (la 4G est tout de m√™me une fonction de base) avec le r√©seau Orange (un op√©rateur important). Bien s√ªr aucun message d'excuse de la part de Google ni m√™me d'information sur la r√©solution du probl√®me et son √©ch√©ance.
L√†, le programme Android One de Google en prend un bon coup pour son image !
Petit rappel d'un des slogans du site Anrdoid One:
""Android, pur et simple
Avec Android One, vous b√©n√©ficiez instantan√©ment de la meilleure version d'Android disponible, pour que votre t√©l√©phone soit toujours √† la hauteur de vos attentes.""
... ce doit √™tre du second degr√©.
Update : nous sommes le 5 juillet, toujours pas de correctif"
Prodigious,"4,0",8 mai 2018,"‚ñ† MISE A JOUR 23 / 06 / 2018
- Le Nokia a enfin effectu√© sa mise √† jour. Je suis pass√© de la version 8.0 √† la version 8.1.0 de juin directement d√©but juin. Certains ont eu des mises √† jour d√®s avril et certains seulement en mai. Le mien a attendu le mois de juin.
- L'interface camera a √©t√© am√©lior√©e, elle est devenue plus agr√©able √† utiliser contrairement √† sa version initiale.
- Apparition d'un th√®me sombre mais seulement pour la barre de notifications (choix automatique selon l'arri√®re plan et non disponible si utilisation d'un launcher tiers).
- La charge rapide a disparue lorsque le t√©l√©phone est branch√© et allum√©. Elle est cependant toujours l√† lorsque le t√©l√©phone est √©teint. Cette restriction est peut √™tre d√ª √† la constatation des utilisateurs d'une forte augmentation de la temp√©rature lors de la charge rapide quand elle √©tait encore disponible t√©l√©phone allum√©.
‚ñ† Avant propos
Le pr√©sent commentaire concerne l'Amazon edition (Nokia 7 plus dual SIM noir + film protecteur). Cette √©dition n'est plus dispo et d√©sormais se trouve en vente ici une √©dition mono sim. Ce commentaire pourra tout de m√™me vous aider √† vous faire une id√©e du t√©l√©phone en lui-m√™me et vous trouverez actuellement les versions dual sim sur Amazon gr√¢ce aux ASIN suivants :
- B07B65SGKJ (dual sim blanc).
- B07B68N35M (dual sim noir)
‚ñ† Amazon Edition (plus disponible)
La particularit√© de cette √©dition est qu‚Äôelle est fourni en plus avec un film de protection √©cran. Ce n‚Äôest pas du verre tremp√© et √† en croire ce qui est √©crit c‚Äôest mieux qu‚Äôun simple film. C‚Äôest en fait un plastique assez √©pais mais souple. A noter, le sticker √† retirer apr√®s pose tenait tellement, qu‚Äôil a soulev√© le film, m‚Äôobligeant √† effectuer une nouvelle pose.
Autre point, cette √©dition Amazon fait l‚Äôobjet r√©guli√®rement de r√©ductions de prix. Achet√© √† 368 euros un week-end quand l‚Äô√©dition standard restait √† 399 euros.
‚ñ† Design
Son aspect noir mat avec finition cuivr√© fait son effet. Le smartphone se distingue sur ce point par rapport √† la grande majorit√© des smartphones. Apr√®s, si l‚Äôon veut le prot√©ger avec la coque silicone ou autre, forc√©ment, le bel habillage ne se voit plus. Comme souvent les capteurs d√©passent mais cette pro√©minence se r√©sout avec une coque.
‚ñ† Ecran
L‚Äô√©cran 6 pouces (ratio 18:9) est de bonne facture. Certes, ce n‚Äôest pas de l‚ÄôAMOLED, mais la dalle IPS d√©livre des couleurs vives et des noirs profonds. En veille, l‚Äôheure et les notifications ressortent bien tout en laissant le reste noir. C‚Äôest vraiment agr√©able √† l‚Äôoeil. Un peu semblable √† une liseuse.
‚ñ† Photo / Vid√©o
C‚Äôest vraiment bon, surtout quand on sait qu‚Äôon a dans les mains un smartphone milieu de gamme (il manque un capteur dot√© OIS pour pr√©tendre √† du haut de gamme). On retrouve Nokia sur ce point apr√®s les √©checs photos des Nokia 3, 5 et 6.
L‚ÄôEIS est bienvenue mais est malheureusement d√©pendante de la qualit√© vid√©o. Toujours activ√©e, la stabilisation n‚Äôest pas disponible en 4K. C‚Äôest un peu dommage de ne pas avoir le choix m√™me si l‚ÄôEIS est un plus, on a tendance √† penser qu‚Äôelle √† un prix en terme de qualit√©.
L‚Äôinterface n‚Äôest pas des plus agr√©able.
- Une incoh√©rence : le passage photo/vid√©o se fait par slide. Mais un menu d√©roulant contient aussi un bouton photo/video qui vous propose la photo quand vous √™tes d√©j√† en photo et la vid√©o quand vous √™tes d√©j√† en vid√©o...
- Un bug textuel : si le t√©l√©phone est en fran√ßais, √† chaque d√©but d‚Äôenregistrement d‚Äôune vid√©o le message ‚ÄúAudio OZO est d√©sactiv√©‚Äù appara√Ætra, m√™me s‚Äôil est bien activ√©. Si la langue est en anglais, c‚Äôest l‚Äôinverse qui se produit avec ‚ÄúAudio OZO is enable‚Äù m√™me si vous l‚Äôaviez d√©sactiv√©. OZO, c‚Äôest cette technologie de 3 micros permettant un son plus immersif.
- 2 fa√ßons d‚Äôacc√©der au mode pro : via le menu d√©roulant ou en slidant le bouton de prise de vues.
A l‚Äôinstar de la lentille t√©l√©photo, la cam√©ra frontale permet aussi le mode portrait (bokeh). C‚Äôest assez r√©ussi, mais les cheveux restent trop complexe pour l‚Äôalgorithme logiciel pour √™tre totalement r√©ussi.
Niveau couleur, on a tendance √† les trouver naturelles quand on photographie des paysages. Mais s‚Äôil s‚Äôagit d‚Äôobjet, on trouve alors les couleurs un peu ternes.
Il est possible de contr√¥ler la vitesse d‚Äôobturation ce qui est utile pour les photos de nuit. le mode HDR ne m‚Äôa pas convaincu et il est pr√©f√©rable de passer en mode pro pour avoir un meilleur r√©sultat du clich√©.
A noter que l'autofocus en mode auto n'en fait qu'√† sa t√™te. Vous pouvez pendant 2 secondes mettre le focus sur un √©l√©ment mais si vous ne photographiez pas dans les 2 secondes le focus se r√©ajuste. La solution est de passer en mode pro pour affiner pr√©cis√©ment la mise au point en d√©pla√ßant le curseur.
‚ñ† Son (mise √† jour 25 / 06 / 2018)
Munie d‚Äôun seul haut parleur, le son n‚Äôest pourtant pas mauvais. Il tire vers le grave, ce qui a pour cons√©quence au moins de ne pas balancer des sonneries stridente. En sortie jack ou  bluetooth, aucun probl√®me. Cependant, en bluetooth, j‚Äôai relev√© une nette diff√©rence entre 2 crans de volume (o√π le niveau sonore monte beaucoup plus). Ce probl√®me se r√®gle en d√©sactivant le volume absolu dans les options d√©veloppeurs (acc√®s au menu d√©veloppeur dans tapant 7 fois sur le num√©ro de build). Les appels voix n‚Äôont montr√© aucun d√©faut.
‚ñ† Puissance
Avec un Snapdragon 660 et 4Go RAM, les jeux actuels tourneront sans probl√®me (ex PUBG mobile). On peut juste noter de tout petit lags par-ci par-l√†, mais rien d‚Äôalarmant. Le t√©l√©phone ne chauffe pas ou tr√®s peu.
Benchmark Antutu : 140 311 points
CPU=66067
GPU=30733
UX=3650
‚ñ† Autonomie
Tr√®s bonne autonomie. Vous pouvez facilement faire 2 jours en faisant tourner quelques vid√©os, jeux, Maps et en naviguant sur internet. Les utilisateurs les plus gourmands ne passeront pas plus de 1.5 jour d‚Äôautonomie tandis que les plus sages passeront tr√®s facilement les 2 jours.
‚ñ† Android One (ancienne version, voir mise √† jour au d√©but du commentaire)
Si votre unique int√©r√™t pour le Nokia 7 Plus est son label Android One, passez votre chemin. En effet, si Android One nous assure des mises √† jour r√©guli√®res, √† ce jour le t√©l√©phone tourne toujours sous Oreo 8.0 en date de f√©vrier 2018. N√©anmoins, vous pourriez faire partie des chanceux qui auront le droit √† une mise √† jour Oreo 8.1. Mais un rapide tour sur divers forum, ainsi que le forum officiel Nokia t√©moigne d‚Äôun nombre de plus en plus important d‚Äôutilisateur attendant vainement le patch de s√©curit√© d‚Äôavril alors que nous sommes d√©j√† en mai. Android One est √† ce jour, en Europe, une promesse non tenue.
‚ñ† Divers
- Le t√©l√©phone semble te√®s sensible niveau tactile. Il m'est arriv√© (si l'option r√©veil de l'√©cran par double tap est activ√©) que l'√©cran s'allume alors qu'il √©tait tenu en main. Au cours d'un appel en kit main libre, t√©l√©phone en poche a activ√© la mise en attente.
- Le capteur d'empreinte ne fonctionnera pas si vos doigts sont moites (ce qui peut arriver en pleine chaleur)
(+) Pour
Livr√© avec coque silicone
Bonne autonomie
Qualit√© photo/vid√©o
Android pur
Bonne accroche GPS
(-) Contre
Batterie inamovible (si seulement il √©tait √©tanche on pourrait comprendre)
Bugs/lacunes dans la fonction photo/video
Capteur empreinte capricieux (rare)
Un petit like m'encourage √† faire des commentaires aussi complet ^-^"
Seb16s,"5,0",7 mai 2018,"A la base, ce qui m'a pouss√© vers ce mobile est l'exp√©rience Android One que je recherchais vraiment, puisqu'elle garantit une interface Android stock sans surcouche et des mises √† jours r√©guli√®res et durables.
Je donnerais un avis plus d√©taill√©s plus tard, mais apr√®s une semaine et demi, il en ressort d√©j√† des points positifs :
+ Tr√®s bonne finition et qualit√© des mat√©riaux
+ Interface fluide et efficace
+ Grand √©cran lumineux
+ Photos tr√®s correctes et zoom x2 appr√©ciable
+ Batterie de 3800 mAh assurant une tr√®s bonne autonomie et bonne tenue en veille
+ Chauffe peu
+ Double SIM ou microSD
+ Prise jack
+ Bonne r√©ception et qualit√© du son et des conversations
Quelques points n√©gatifs cependant :
- Pas de diode de notification (mais l'√©cran s'allume bri√®vement, ou lors de la prise en main de l'appareil)
- Pas d'√©tanch√©it√©
- Un peu grand (158 mm), il faut oublier les poches de jean
Mais je lui octroie 5 √©toiles pour le moment, pour le prix propos√©, il ne pr√©sente aucun point faible r√©dhibitoire.
EDIT du 19/05 : Attention, la MaJ 2.22 avec patch s√©curit√© du mois de mai cr√©√© des probl√®mes de r√©ception en 4G sur le r√©seau Sosh/Orange, v√©rifi√© sur des forums. En attendant un correctif de la part de Nokia, je recommande √† ceux qui peuvent encore de ne pas l'installer !
EDIT du 08/06 : le bug semble corrig√©, la 4G chez Sosh est √† nouveau fonctionnelle. Ne plus tenir compte des commentaires n√©gatifs sur ce sujet. Par ailleurs, cela n'enl√®ve en rien les autres qualit√©s du produit et ne justifie pas une ""mauvaise note""."
XF06,"1,0",6 f√©vrier 2019,"Concernant la fiche technique et le rapport qualit√© prix, √ßa pourrait aller s'il n'y avait pas un probl√®me majeur avec ce tel que Nokia (HMD), inform√© depuis d√©cembre 2018 ne r√©sout pas:
La connexion Wifi ne fonctionne pas!!
Il faut syst√©matiquement red√©marrer le t√©l√©phone pour esp√©rer se connecter √† un wifi et encore √ßa ne fonctionne pas √† tous les coups.
Si c'est votre wifi chez vous, mettez l'adresse IP ""en dur"" dans le t√©l√©phone (quand vous renseignez les infos de votre wifi) et l√† √ßa fonctionne. Bien entendu, il faut qu'elle corresponde ""au r√©seau"" qu'il y a dans votre box ou routeur. (Pour la technique et la config wifi, tuto sur le net ;-) ).
Si vous vous connectez √† des wifi public (resto, a√©roport...), l√† ou l'attribution d'adresse IP se fait par un serveur DHCP (il la donne √† votre tel et vous ne pouvez pas intervenir) √ßa ne fonctionnera pas.
Le tel verra bien le wifi et tentera de s'y connecter sans succ√®s, √ßa tournera en boucle.
Peu importe le wifi, sa s√©curit√©, la bande (2.4Ghz ou  5Ghz).
Bref, √ßa ne fonctionnera pas!!
(Une adresse IP est un √©l√©ment essentiel pour se connecter sur un r√©seau, un √©l√©ment parmi d'autre mais sans elle pas de net).
Et pas de wifi= pas de grosse maj et autres choses qui n√©cessitent le wifi et refuse la 4G.
Ce bug touche tous les Nokia 7 +, j'en ai test√© deux et les probl√®mes sont remont√©s sur diff√©rents forums dont celui de Nokia qui dit s'occuper du probl√®me depuis d√©cembre 2018...
A se demander si le probl√®me ne serait pas mat√©riel plut√¥t que li√© √† Android lui-m√™me?
Un tel temps de r√©action de la part d'un constructeur est inadmissible et cache peut-√™tre quelque chose.
Sur Android 8 et 9, le wifi ne fonctionne pas. Pas s√ªr que le Nokia 7 + voit Android 10 malgr√© les annonces, le tel est dans sa deuxi√®me ann√©e de version Android, il est donc presque ""obsol√®te.
Dommage pour de l'Android One...
Si Nokia (HMD) ne sort pas un ""patch"", ce tel restera donc bugg√©.
Son successeur le Nokia 8.1 dispose d'une grosse encoche qui masque une partie des notifications en haut, un peu dommage de copier b√™tement ce que tous abandonnent maintenant. Voil√† la r√©activit√© de cette marque.
A 300‚Ç¨, il n'y a pas vraiment d'alternative rapport qualit√©/prix/performance."
biboy25,"4,0",6 juillet 2018,"Ayant l'habitude d'avoir des smartphone HDG, je trouve que cette appareil est d'un excellent rapport qualit√©/prix et qu'il est le meilleure t√©l√©phone dans sa cat√©gorie (√©videmment cela n'engage que moi lol ). Oui c'est un appareil moyenne gamme mais il fait ce qu'on lui demande et il est largement suffisant pour l'utilisation que j'en fais (tout sauf les jeux). Il est fluide, il a une bonne accroche r√©seau, une l'autonomie excellente, on regrettera la stabilisation optique et la led de notification. Fonctionne sous Androidone donc des mises √† jour r√©guli√®res et les derniers patch de s√©curit√©. On aime ou l'on aime pas l'interface pur android lol. 141000 points sous Antutu."
Stretoo,"3,0",30 mai 2019,"Lass√© d‚Äôun Samsung dont la surface trop glissante et √† l‚Äô√©cran trop fragile en ont vite fait un t√©l√©phone pr√©matur√©ment vieilli, je me suis d√©cid√© pour ce Nokia 7 Plus. Mon choix a √©t√© dict√© par les caract√©ristiques suivantes : un √©cran Corning Gorilla 3, d‚Äôune solidit√© remarquable, la prise USB C, 64 go de m√©moire, la possibilit√© de monter un micro SD card de 256 go, et surtout la qualit√© attendue des photos avec les optiques Zeiss. A l‚Äôusage ce t√©l√©phone se montre tout √† fait convainquant et m√©riterait 5 √©toiles pour son rapport qualit√© / prix. Ce ne sera cependant pas la notation que je laisserai car, sans √™tre mauvaise, la qualit√© des photos est une grosse d√©ception. Elle n‚Äôest pas au niveau de ce que j‚Äôattendais des optiques Zeiss mises en avant : manque de d√©finition des clich√©s et, en ext√©rieur, une dominante peu naturelle du vert. Enfin, ce reproche s‚Äôadresse √† tous les constructeurs, pourrait-on avoir un √©cran utilisable en ext√©rieur ? Il me semble qu‚Äôil est l√©gitime de s‚Äôattendre √† pouvoir utiliser son √©cran en plein jour sans que ce dernier ne devienne pratiquement illisible.  En conclusion : l‚Äôoptique Zeiss n‚Äôapporte rien de plus √† cet appareil si ce n‚Äôest un argumentaire marketing surfait pour finalement des photos de qualit√© (tr√®s) moyenne √† mon go√ªt. Au plan des points positifs : c‚Äôest un smartphone solide et agr√©able √† utiliser avec une excellente r√©ception 4G, une lecture d‚Äôempreinte redoutablement efficace (largement sup√©rieure √† celle de mon Samsung) et une tr√®s bonne ergonomie. L‚Äôautonomie est tout √† fait satisfaisante avec une batterie de 3800 mAh. Peut-√™tre qu‚Äôune future mise-√†-jour am√©liorera la fonctionnalit√© photo‚Ä¶√ßa ne serait pas du luxe. Je r√©viserai √©ventuellement ma notation √† ce moment l√†."
jweikert,"4,0",3 janvier 2019,"Tr√®s beau t√©l√©phone portable. Solide et bien construit. le son lorsque vous regardez des vid√©os est tr√®s bon sur le haut-parleur. Il ne dispose pas de charge sans fil et d‚Äôun √©cran Oled. Je le souhaite. Il a le syst√®me Android le plus r√©cent, Android 9 qui est g√©nial! J'aime la longue vie de ce t√©l√©phone cellulaire. C'est un peu lourd et gros √† tenir. Va prendre le temps de s'y habituer. Si vous ne pouvez pas vous permettre un t√©l√©phone cellulaire phare, je recommande celui-ci. J'aime la nostalgie d'avoir √† nouveau un Nokia. J'adore la vieille sonnerie."
elwind,"5,0",1 f√©vrier 2019,"Suite casse d'un samsung S8, j'ai achet√© ce Nokia 7 plus. Et bien franchement c'est tout bon.
L'√©cran est grand et lumineux. Certes cela ne vaut pas celui des smartphones haut de gamme mais finalement cela convient.
Android One est parfait pour se d√©barrasser des surcouches constructeurs. Les mises √† jour sont faites dans les temps (Android 9.0 et dernier patch de s√©curit√©).
Le capteur d'empreinte est mieux plac√© que sur mon S8. L'appareil photo est bon, et permet beaucoup de r√©glage en mode manuel (pour ceux que √ßa int√©resse).
Pour un usage jeux vid√©o 1H30/jour + vid√©os netflix c'est parfait pour le prix.
Petit + : vendu avec une coque de protection.
Petit - : Les √©couteurs sont √† jeter par contre."
Myriam,"5,0",27 ao√ªt 2018,"Excellent smartphone, je voulais un andro√Ød , le prix reste attractif, il correspond √† tout ce que j'en attendais.
La batterie tiens plus longtemps que les smartphones que j'avais auparavant. La taille est parfaite. Au point qu'il a remplac√© ma tablette.
Bravo Nokia."
Slolelo,"5,0",2 avril 2019,"J'ai beaucoup aim√© ce smartphone, bien qu'il soit √† mes yeux un peu trop grand. Le rev√™tement type c√©ramique est tr√®s qualitatif, la photo est g√©niale, l'autonomie plut√¥t bonne, dans la moyenne de ce type de smartphone (en milieu d'apr√®s midi je le branche). Il est sous Android stock, donc les mises √† jour de s√©curit√© arrivent bien plus rapidement que sur un t√©l√©phone comportant une sur couche op√©rateur ou fabricant."
DOM13,"5,0",24 f√©vrier 2019,"Appareil bon dans tous les domaines , tr√®s bien fini et simplement beau .
Pas de surcouche inutile puisque Android 9 se suffit √† lui-m√™me et l'assurance de mises √† jour rapide avec Android one .
Dimensions de l'appareil encore raisonnable .
Au prix o√π il √©tait en d√©cembre/janvier ( - de 300 ‚Ç¨) on ne pouvait pas passer √† c√¥t√©.
Bravo Nokia, c'est la bonne voie surtout pas d'erreur n'en changez pas m√™me si l'exp√©rience (Samsung puis Huawei) montre que le succ√®s conduit √† des engins √©normes tant en taille qu'en prix ."
r,"5,0",15 mai 2018,"t√©l√©phone qui vaut son prix , 2 semaines que je l'ai et j'en suis content.
il peut y avoir des bugs , mais c'est d√ª √† oreo 8.1, le t√©l√©phone en lui-m√™me est vraiment bon."
Bastien.G,"5,0",21 f√©vrier 2019,"Tres bon mobile au rapport qualit√© prix imbattable. Ma batterie tiens 2 jours et un peut plus. En utilisation ultra abusive je tiens 1 jour et demis.
La qualit√© photo, pour cette gamme de prix et top sans non plus remplac√© un reflex."
talon bertil,"5,0",8 avril 2019,"Compatible toutes bandes 4g fran√ßaises (dont celle de Free).
Super appareil photo.
Logiciel Android pur en version one.
Bonne capacit√© de stockage interne extensible par sd.
Pas de surchauffe en usage intense.
Batterie 1 journ√©e de 9h en usage intensif."
